-0.108802;-3.5;;0;0;;;;;
0.108796;-3.5;;0;0;;;;;0.08
0.103538;-3.5;;0;0;;;;;
-0.103528;-3.5;;0;0;;;;;
-0.296185;-3.5;;0;0;;;;;
0.296135;-3.5;;0;0;;;;;
-0.34353;-3.5;;0;0;;;;;
0.343555;-3.5;;0;0;;;;;
-0.1086;-3.487;;0;0;;;;;
0.108595;-3.487;;0;0;;;;;
0.103725;-3.487;;0;0;;;;;
-0.103715;-3.487;;0;0;;;;;
-0.29769;-3.487;;0;0;;;;;
0.29764;-3.487;;0;0;;;;;
-0.341505;-3.487;;0;0;;;;;
0.34153;-3.487;;0;0;;;;;
-0.108394;-3.474;;0;0;;;;;
0.108389;-3.474;;0;0;;;;;
0.103918;-3.474;;0;0;;;;;
-0.103907;-3.474;;0;0;;;;;
-0.299249;-3.474;;0;0;;;;;
0.299199;-3.474;;0;0;;;;;
-0.339455;-3.474;;0;0;;;;;
0.339479;-3.474;;0;0;;;;;
-0.108183;-3.461;;0;0;;;;;
0.108178;-3.461;;0;0;;;;;
0.104116;-3.461;;0;0;;;;;
-0.104106;-3.461;;0;0;;;;;
-0.300872;-3.461;;0;0;;;;;
0.300823;-3.461;;0;0;;;;;
-0.337367;-3.461;;0;0;;;;;
0.33739;-3.461;;0;0;;;;;
-0.107964;-3.448;;0;0;;;;;
0.107959;-3.448;;0;0;;;;;
0.104324;-3.448;;0;0;;;;;
-0.104314;-3.448;;0;0;;;;;
-0.30258;-3.448;;0;0;;;;;
0.302532;-3.448;;0;0;;;;;
-0.335224;-3.448;;0;0;;;;;
0.335244;-3.448;;0;0;;;;;
0.10773;-3.435;;0;0;;;;;
-0.107734;-3.435;;0;0;;;;;
0.104544;-3.435;;0;0;;;;;
-0.104533;-3.435;;0;0;;;;;
-0.3044;-3.435;;0;0;;;;;
0.304354;-3.435;;0;0;;;;;
-0.332995;-3.435;;0;0;;;;;
0.333013;-3.435;;0;0;;;;;
0.107484;-3.422;;0;0;;;;;
-0.107487;-3.422;;0;0;;;;;
0.10478;-3.422;;0;0;;;;;
-0.104771;-3.422;;0;0;;;;;
-0.306382;-3.422;;0;0;;;;;
0.306338;-3.422;;0;0;;;;;
-0.330632;-3.422;;0;0;;;;;
0.330647;-3.422;;0;0;;;;;
0.107211;-3.409;;0;0;;;;;
-0.107213;-3.409;;0;0;;;;;
0.105046;-3.409;;0;0;;;;;
-0.105037;-3.409;;0;0;;;;;
-0.308625;-3.409;;0;0;;;;;
0.308585;-3.409;;0;0;;;;;
-0.328036;-3.409;;0;0;;;;;
0.328046;-3.409;;0;0;;;;;
0.106881;-3.396;;0;0;;;;;
-0.106882;-3.396;;0;0;;;;;
0.105369;-3.396;;0;0;;;;;
-0.105361;-3.396;;0;0;;;;;
-0.311392;-3.396;;0;0;;;;;
0.311358;-3.396;;0;0;;;;;
-0.324944;-3.396;;0;0;;;;;
0.324947;-3.396;;0;0;;;;;
0.106288;-3.383;;0;0;;;;;
0.105957;-3.383;;0;0;;;;;
-0.106285;-3.383;;0;0;;;;;
-0.105953;-3.383;;0;0;;;;;
-0.31654;-3.383;;0;0;;;;;
0.31652;-3.383;;0;0;;;;;
-0.319498;-3.383;;0;0;;;;;
0.319487;-3.383;;0;0;;;;;
0.069021;-3.383;;0.069021;-3.383;;;;;
0.069021;-3.383;;0.069021;-3.383;;;;;
-0.069172;-3.383;;-0.069172;-3.383;;;;;
-0.069172;-3.383;;-0.069172;-3.383;;;;;
0.069641;-3.37;;0.069641;-3.37;;;;;
-0.069863;-3.37;;-0.069863;-3.37;;;;;
0.068271;-3.37;;0.068271;-3.37;;;;;
-0.068322;-3.37;;-0.068322;-3.37;;;;;
0.10612;-3.37;;0;0;;;;;
0.10612;-3.37;;0;0;;;;;
-0.106116;-3.37;;0;0;;;;;
-0.106116;-3.37;;0;0;;;;;
0.069885;-3.357;;0.069885;-3.357;;;;;
-0.070133;-3.357;;-0.070133;-3.357;;;;;
0.06789;-3.357;;0.06789;-3.357;;;;;
-0.067884;-3.357;;-0.067884;-3.357;;;;;
0.106119;-3.357;;0;0;;;;;
0.106119;-3.357;;0;0;;;;;
-0.106115;-3.357;;0;0;;;;;
-0.106115;-3.357;;0;0;;;;;
0.070062;-3.344;;0.070062;-3.344;;;;;
-0.070329;-3.344;;-0.070329;-3.344;;;;;
0.067568;-3.344;;0.067568;-3.344;;;;;
-0.06751;-3.344;;-0.06751;-3.344;;;;;
0.070207;-3.331;;0.070207;-3.331;;;;;
-0.070488;-3.331;;-0.070488;-3.331;;;;;
0.067271;-3.331;;0.067271;-3.331;;;;;
-0.067163;-3.331;;-0.067163;-3.331;;;;;
0.070332;-3.318;;0.070332;-3.318;;;;;
-0.070624;-3.318;;-0.070624;-3.318;;;;;
0.066988;-3.318;;0.066988;-3.318;;;;;
-0.066826;-3.318;;-0.066826;-3.318;;;;;
0.070442;-3.305;;0.070442;-3.305;;;;;
-0.070745;-3.305;;-0.070745;-3.305;;;;;
0.066709;-3.305;;0.066709;-3.305;;;;;
-0.066492;-3.305;;-0.066492;-3.305;;;;;
0.070542;-3.292;;0.070542;-3.292;;;;;
-0.070854;-3.292;;-0.070854;-3.292;;;;;
0.066431;-3.292;;0.066431;-3.292;;;;;
-0.066154;-3.292;;-0.066154;-3.292;;;;;
0.070634;-3.279;;0.070634;-3.279;;;;;
-0.070954;-3.279;;-0.070954;-3.279;;;;;
0.06615;-3.279;;0.06615;-3.279;;;;;
-0.065808;-3.279;;-0.065808;-3.279;;;;;
0.070719;-3.266;;0.070719;-3.266;;;;;
-0.071047;-3.266;;-0.071047;-3.266;;;;;
0.065864;-3.266;;0.065864;-3.266;;;;;
-0.06545;-3.266;;-0.06545;-3.266;;;;;
0.070799;-3.253;;0.070799;-3.253;;;;;
-0.071134;-3.253;;-0.071134;-3.253;;;;;
0.065569;-3.253;;0.065569;-3.253;;;;;
-0.065074;-3.253;;-0.065074;-3.253;;;;;
0.070874;-3.24;;0.070874;-3.24;;;;;
-0.071216;-3.24;;-0.071216;-3.24;;;;;
0.065263;-3.24;;0.065263;-3.24;;;;;
-0.064677;-3.24;;-0.064677;-3.24;;;;;
0.070945;-3.227;;0.070945;-3.227;;;;;
-0.071293;-3.227;;-0.071293;-3.227;;;;;
0.064944;-3.227;;0.064944;-3.227;;;;;
-0.064253;-3.227;;-0.064253;-3.227;;;;;
0.071014;-3.214;;0.071014;-3.214;;;;;
-0.071367;-3.214;;-0.071367;-3.214;;;;;
0.064607;-3.214;;0.064607;-3.214;;;;;
-0.063795;-3.214;;-0.063795;-3.214;;;;;
0.071079;-3.201;;0.071079;-3.201;;;;;
-0.071437;-3.201;;-0.071437;-3.201;;;;;
0.064249;-3.201;;0.064249;-3.201;;;;;
-0.063294;-3.201;;-0.063294;-3.201;;;;;
0.071142;-3.188;;0.071142;-3.188;;;;;
-0.071505;-3.188;;-0.071505;-3.188;;;;;
0.063866;-3.188;;0.063866;-3.188;;;;;
-0.06274;-3.188;;-0.06274;-3.188;;;;;
0.071202;-3.175;;0.071202;-3.175;;;;;
-0.07157;-3.175;;-0.07157;-3.175;;;;;
0.063452;-3.175;;0.063452;-3.175;;;;;
-0.062117;-3.175;;-0.062117;-3.175;;;;;
0.106159;-3.175;;0;0;;;;;
0.106159;-3.175;;0;0;;;;;
-0.106152;-3.175;;0;0;;;;;
-0.106152;-3.175;;0;0;;;;;
0.07126;-3.162;;0.07126;-3.162;;;;;
-0.071633;-3.162;;-0.071633;-3.162;;;;;
0.063;-3.162;;0.063;-3.162;;;;;
-0.061407;-3.162;;-0.061407;-3.162;;;;;
0.106166;-3.162;;0;0;;;;;
0.106166;-3.162;;0;0;;;;;
-0.106159;-3.162;;0;0;;;;;
-0.106159;-3.162;;0;0;;;;;
0.106406;-3.149;;0;0;;;;;
0.105942;-3.149;;0;0;;;;;
-0.316526;-3.149;;0;0;;;;;
0.071317;-3.149;;0.071317;-3.149;;;;;
-0.071694;-3.149;;-0.071694;-3.149;;;;;
-0.319028;-3.149;;0;0;;;;;
0.062501;-3.149;;0.062501;-3.149;;;;;
-0.060586;-3.149;;-0.060586;-3.149;;;;;
-0.106167;-3.149;;0;0;;;;;
-0.106167;-3.149;;0;0;;;;;
0.31775;-3.149;;0;0;;;;;
0.31775;-3.149;;0;0;;;;;
0.106971;-3.136;;0;0;;;;;
0.105395;-3.136;;0;0;;;;;
-0.105491;-3.136;;0;0;;;;;
-0.10686;-3.136;;0;0;;;;;
0.311539;-3.136;;0;0;;;;;
-0.311081;-3.136;;0;0;;;;;
-0.324726;-3.136;;0;0;;;;;
0.324212;-3.136;;0;0;;;;;
0.071372;-3.136;;0.071372;-3.136;;;;;
-0.071753;-3.136;;-0.071753;-3.136;;;;;
0.061943;-3.136;;0.061943;-3.136;;;;;
-0.059624;-3.136;;-0.059624;-3.136;;;;;
0.10731;-3.123;;0;0;;;;;
0.105074;-3.123;;0;0;;;;;
-0.105142;-3.123;;0;0;;;;;
-0.107227;-3.123;;0;0;;;;;
-0.308222;-3.123;;0;0;;;;;
0.308546;-3.123;;0;0;;;;;
-0.327869;-3.123;;0;0;;;;;
0.327487;-3.123;;0;0;;;;;
0.071425;-3.123;;0.071425;-3.123;;;;;
-0.07181;-3.123;;-0.07181;-3.123;;;;;
0.061309;-3.123;;0.061309;-3.123;;;;;
-0.058496;-3.123;;-0.058496;-3.123;;;;;
0.107595;-3.11;;0;0;;;;;
0.104808;-3.11;;0;0;;;;;
-0.104864;-3.11;;0;0;;;;;
-0.107524;-3.11;;0;0;;;;;
-0.305894;-3.11;;0;0;;;;;
0.306163;-3.11;;0;0;;;;;
-0.33051;-3.11;;0;0;;;;;
0.330183;-3.11;;0;0;;;;;
0.071478;-3.11;;0.071478;-3.11;;;;;
-0.071866;-3.11;;-0.071866;-3.11;;;;;
0.060578;-3.11;;0.060578;-3.11;;;;;
-0.057196;-3.11;;-0.057196;-3.11;;;;;
0.107854;-3.097;;0;0;;;;;
0.10457;-3.097;;0;0;;;;;
-0.104619;-3.097;;0;0;;;;;
-0.10779;-3.097;;0;0;;;;;
-0.30383;-3.097;;0;0;;;;;
0.304066;-3.097;;0;0;;;;;
0.071528;-3.097;;0.071528;-3.097;;;;;
-0.33292;-3.097;;0;0;;;;;
-0.07192;-3.097;;-0.07192;-3.097;;;;;
0.332623;-3.097;;0;0;;;;;
0.059724;-3.097;;0.059724;-3.097;;;;;
-0.055761;-3.097;;-0.055761;-3.097;;;;;
0.104349;-3.084;;0;0;;;;;
-0.108038;-3.084;;0;0;;;;;
-0.104392;-3.084;;0;0;;;;;
0.108097;-3.084;;0;0;;;;;
-0.301927;-3.084;;0;0;;;;;
0.302142;-3.084;;0;0;;;;;
0.071578;-3.084;;0.071578;-3.084;;;;;
-0.071973;-3.084;;-0.071973;-3.084;;;;;
-0.3352;-3.084;;0;0;;;;;
0.334923;-3.084;;0;0;;;;;
0.058716;-3.084;;0.058716;-3.084;;;;;
-0.054266;-3.084;;-0.054266;-3.084;;;;;
-0.108274;-3.071;;0;0;;;;;
0.104138;-3.071;;0;0;;;;;
-0.104179;-3.071;;0;0;;;;;
0.108331;-3.071;;0;0;;;;;
-0.300135;-3.071;;0;0;;;;;
0.300335;-3.071;;0;0;;;;;
0.071627;-3.071;;0.071627;-3.071;;;;;
-0.072025;-3.071;;-0.072025;-3.071;;;;;
-0.3374;-3.071;;0;0;;;;;
0.337138;-3.071;;0;0;;;;;
0.057532;-3.071;;0.057532;-3.071;;;;;
-0.052783;-3.071;;-0.052783;-3.071;;;;;
0.103936;-3.058;;0;0;;;;;
-0.103974;-3.058;;0;0;;;;;
-0.108503;-3.058;;0;0;;;;;
0.108557;-3.058;;0;0;;;;;
-0.298425;-3.058;;0;0;;;;;
0.298613;-3.058;;0;0;;;;;
0.071674;-3.058;;0.071674;-3.058;;;;;
-0.072076;-3.058;;-0.072076;-3.058;;;;;
-0.339552;-3.058;;0;0;;;;;
0.339299;-3.058;;0;0;;;;;
-0.051354;-3.058;;-0.051354;-3.058;;;;;
0.056183;-3.058;;0.056183;-3.058;;;;;
-0.103776;-3.045;;0;0;;;;;
0.10374;-3.045;;0;0;;;;;
-0.108726;-3.045;;0;0;;;;;
0.108779;-3.045;;0;0;;;;;
-0.296778;-3.045;;0;0;;;;;
0.296957;-3.045;;0;0;;;;;
0.071721;-3.045;;0.071721;-3.045;;;;;
-0.072126;-3.045;;-0.072126;-3.045;;;;;
-0.341672;-3.045;;0;0;;;;;
0.341427;-3.045;;0;0;;;;;
-0.049992;-3.045;;-0.049992;-3.045;;;;;
0.054726;-3.045;;0.054726;-3.045;;;;;
-0.103583;-3.032;;0;0;;;;;
0.103549;-3.032;;0;0;;;;;
-0.108946;-3.032;;0;0;;;;;
-0.295182;-3.032;;0;0;;;;;
0.108997;-3.032;;0;0;;;;;
0.295353;-3.032;;0;0;;;;;
0.071767;-3.032;;0.071767;-3.032;;;;;
-0.072175;-3.032;;-0.072175;-3.032;;;;;
-0.343774;-3.032;;0;0;;;;;
0.343534;-3.032;;0;0;;;;;
-0.048695;-3.032;;-0.048695;-3.032;;;;;
0.053242;-3.032;;0.053242;-3.032;;;;;
-0.103394;-3.019;;0;0;;;;;
0.103361;-3.019;;0;0;;;;;
-0.293628;-3.019;;0;0;;;;;
-0.109163;-3.019;;0;0;;;;;
0.293793;-3.019;;0;0;;;;;
0.109212;-3.019;;0;0;;;;;
0.071812;-3.019;;0.071812;-3.019;;;;;
-0.072222;-3.019;;-0.072222;-3.019;;;;;
-0.345867;-3.019;;0;0;;;;;
0.345632;-3.019;;0;0;;;;;
-0.047455;-3.019;;-0.047455;-3.019;;;;;
0.051792;-3.019;;0.051792;-3.019;;;;;
0.29227;-3.006;;0;0;;;;;
-0.103208;-3.006;;0;0;;;;;
0.103177;-3.006;;0;0;;;;;
-0.29211;-3.006;;0;0;;;;;
-0.109377;-3.006;;0;0;;;;;
0.109426;-3.006;;0;0;;;;;
0.071857;-3.006;;0.071857;-3.006;;;;;
-0.07227;-3.006;;-0.07227;-3.006;;;;;
-0.347957;-3.006;;0;0;;;;;
0.347726;-3.006;;0;0;;;;;
-0.046263;-3.006;;-0.046263;-3.006;;;;;
0.050403;-3.006;;0.050403;-3.006;;;;;
-0.103025;-2.993;;0;0;;;;;
0.102995;-2.993;;0;0;;;;;
0.290779;-2.993;;0;0;;;;;
-0.109591;-2.993;;0;0;;;;;
-0.290623;-2.993;;0;0;;;;;
0.109638;-2.993;;0;0;;;;;
0.0719;-2.993;;0.0719;-2.993;;;;;
-0.072316;-2.993;;-0.072316;-2.993;;;;;
-0.350049;-2.993;;0;0;;;;;
0.349821;-2.993;;0;0;;;;;
-0.045111;-2.993;;-0.045111;-2.993;;;;;
0.049079;-2.993;;0.049079;-2.993;;;;;
0.102816;-2.98;;0;0;;;;;
-0.102844;-2.98;;0;0;;;;;
-0.109803;-2.98;;0;0;;;;;
0.289315;-2.98;;0;0;;;;;
-0.289164;-2.98;;0;0;;;;;
0.10985;-2.98;;0;0;;;;;
-0.072361;-2.98;;-0.072361;-2.98;;;;;
0.071943;-2.98;;0.071943;-2.98;;;;;
-0.352149;-2.98;;0;0;;;;;
0.351923;-2.98;;0;0;;;;;
-0.043993;-2.98;;-0.043993;-2.98;;;;;
0.047814;-2.98;;0.047814;-2.98;;;;;
0.102638;-2.967;;0;0;;;;;
-0.102666;-2.967;;0;0;;;;;
-0.110014;-2.967;;0;0;;;;;
0.110061;-2.967;;0;0;;;;;
0.287877;-2.967;;0;0;;;;;
-0.287729;-2.967;;0;0;;;;;
-0.072406;-2.967;;-0.072406;-2.967;;;;;
0.071986;-2.967;;0.071986;-2.967;;;;;
-0.354258;-2.967;;0;0;;;;;
0.354034;-2.967;;0;0;;;;;
-0.042902;-2.967;;-0.042902;-2.967;;;;;
0.046599;-2.967;;0.046599;-2.967;;;;;
0.102462;-2.954;;0;0;;;;;
-0.102489;-2.954;;0;0;;;;;
-0.110225;-2.954;;0;0;;;;;
0.110271;-2.954;;0;0;;;;;
0.286461;-2.954;;0;0;;;;;
-0.286317;-2.954;;0;0;;;;;
-0.072451;-2.954;;-0.072451;-2.954;;;;;
0.072028;-2.954;;0.072028;-2.954;;;;;
-0.35638;-2.954;;0;0;;;;;
0.356158;-2.954;;0;0;;;;;
-0.041833;-2.954;;-0.041833;-2.954;;;;;
0.045427;-2.954;;0.045427;-2.954;;;;;
0.102287;-2.941;;0;0;;;;;
-0.102314;-2.941;;0;0;;;;;
-0.110436;-2.941;;0;0;;;;;
0.110481;-2.941;;0;0;;;;;
0.285066;-2.941;;0;0;;;;;
-0.284925;-2.941;;0;0;;;;;
-0.072494;-2.941;;-0.072494;-2.941;;;;;
0.072069;-2.941;;0.072069;-2.941;;;;;
-0.358517;-2.941;;0;0;;;;;
0.358296;-2.941;;0;0;;;;;
-0.040781;-2.941;;-0.040781;-2.941;;;;;
0.044289;-2.941;;0.044289;-2.941;;;;;
0.102114;-2.928;;0;0;;;;;
-0.102139;-2.928;;0;0;;;;;
-0.110646;-2.928;;0;0;;;;;
0.110691;-2.928;;0;0;;;;;
0.283691;-2.928;;0;0;;;;;
-0.283551;-2.928;;0;0;;;;;
-0.072537;-2.928;;-0.072537;-2.928;;;;;
0.07211;-2.928;;0.07211;-2.928;;;;;
-0.36067;-2.928;;0;0;;;;;
0.360451;-2.928;;0;0;;;;;
-0.039742;-2.928;;-0.039742;-2.928;;;;;
0.043178;-2.928;;0.043178;-2.928;;;;;
0.101942;-2.915;;0;0;;;;;
-0.101967;-2.915;;0;0;;;;;
-0.110857;-2.915;;0;0;;;;;
0.110901;-2.915;;0;0;;;;;
0.282332;-2.915;;0;0;;;;;
-0.282196;-2.915;;0;0;;;;;
-0.07258;-2.915;;-0.07258;-2.915;;;;;
0.07215;-2.915;;0.07215;-2.915;;;;;
-0.362843;-2.915;;0;0;;;;;
0.362624;-2.915;;0;0;;;;;
-0.038714;-2.915;;-0.038714;-2.915;;;;;
0.042089;-2.915;;0.042089;-2.915;;;;;
0.101771;-2.902;;0;0;;;;;
-0.101795;-2.902;;0;0;;;;;
-0.111068;-2.902;;0;0;;;;;
0.111112;-2.902;;0;0;;;;;
0.28099;-2.902;;0;0;;;;;
-0.280856;-2.902;;0;0;;;;;
-0.072622;-2.902;;-0.072622;-2.902;;;;;
0.07219;-2.902;;0.07219;-2.902;;;;;
-0.365036;-2.902;;0;0;;;;;
0.364818;-2.902;;0;0;;;;;
-0.037693;-2.902;;-0.037693;-2.902;;;;;
0.041016;-2.902;;0.041016;-2.902;;;;;
0.101601;-2.889;;0;0;;;;;
-0.101624;-2.889;;0;0;;;;;
-0.111279;-2.889;;0;0;;;;;
0.111323;-2.889;;0;0;;;;;
0.279664;-2.889;;0;0;;;;;
-0.279532;-2.889;;0;0;;;;;
-0.072664;-2.889;;-0.072664;-2.889;;;;;
0.07223;-2.889;;0.07223;-2.889;;;;;
-0.36725;-2.889;;0;0;;;;;
0.367033;-2.889;;0;0;;;;;
-0.036675;-2.889;;-0.036675;-2.889;;;;;
0.039955;-2.889;;0.039955;-2.889;;;;;
0.101431;-2.876;;0;0;;;;;
-0.101454;-2.876;;0;0;;;;;
-0.111491;-2.876;;0;0;;;;;
0.111534;-2.876;;0;0;;;;;
0.278353;-2.876;;0;0;;;;;
-0.278223;-2.876;;0;0;;;;;
-0.072705;-2.876;;-0.072705;-2.876;;;;;
0.072269;-2.876;;0.072269;-2.876;;;;;
-0.369488;-2.876;;0;0;;;;;
0.369272;-2.876;;0;0;;;;;
-0.03566;-2.876;;-0.03566;-2.876;;;;;
0.038903;-2.876;;0.038903;-2.876;;;;;
0.101263;-2.863;;0;0;;;;;
-0.101285;-2.863;;0;0;;;;;
-0.111703;-2.863;;0;0;;;;;
0.111746;-2.863;;0;0;;;;;
0.277055;-2.863;;0;0;;;;;
-0.276927;-2.863;;0;0;;;;;
-0.072745;-2.863;;-0.072745;-2.863;;;;;
0.072308;-2.863;;0.072308;-2.863;;;;;
-0.37175;-2.863;;0;0;;;;;
0.371534;-2.863;;0;0;;;;;
-0.034643;-2.863;;-0.034643;-2.863;;;;;
0.037856;-2.863;;0.037856;-2.863;;;;;
0.101095;-2.85;;0;0;;;;;
-0.101116;-2.85;;0;0;;;;;
-0.111916;-2.85;;0;0;;;;;
0.111958;-2.85;;0;0;;;;;
0.275771;-2.85;;0;0;;;;;
-0.275645;-2.85;;0;0;;;;;
-0.072786;-2.85;;-0.072786;-2.85;;;;;
0.072346;-2.85;;0.072346;-2.85;;;;;
-0.374037;-2.85;;0;0;;;;;
0.373822;-2.85;;0;0;;;;;
-0.033623;-2.85;;-0.033623;-2.85;;;;;
0.03681;-2.85;;0.03681;-2.85;;;;;
-0.100948;-2.837;;0;0;;;;;
0.100928;-2.837;;0;0;;;;;
-0.112129;-2.837;;0;0;;;;;
0.112171;-2.837;;0;0;;;;;
0.274499;-2.837;;0;0;;;;;
-0.274375;-2.837;;0;0;;;;;
-0.072826;-2.837;;-0.072826;-2.837;;;;;
0.072384;-2.837;;0.072384;-2.837;;;;;
-0.376351;-2.837;;0;0;;;;;
0.376137;-2.837;;0;0;;;;;
-0.032598;-2.837;;-0.032598;-2.837;;;;;
0.035763;-2.837;;0.035763;-2.837;;;;;
-0.100781;-2.824;;0;0;;;;;
0.100761;-2.824;;0;0;;;;;
-0.112343;-2.824;;0;0;;;;;
0.112385;-2.824;;0;0;;;;;
0.27324;-2.824;;0;0;;;;;
-0.273117;-2.824;;0;0;;;;;
-0.072865;-2.824;;-0.072865;-2.824;;;;;
0.072422;-2.824;;0.072422;-2.824;;;;;
-0.378693;-2.824;;0;0;;;;;
0.378479;-2.824;;0;0;;;;;
-0.031564;-2.824;;-0.031564;-2.824;;;;;
0.034711;-2.824;;0.034711;-2.824;;;;;
-0.100614;-2.811;;0;0;;;;;
0.100595;-2.811;;0;0;;;;;
-0.112558;-2.811;;0;0;;;;;
0.112599;-2.811;;0;0;;;;;
0.271992;-2.811;;0;0;;;;;
-0.271871;-2.811;;0;0;;;;;
-0.072904;-2.811;;-0.072904;-2.811;;;;;
0.07246;-2.811;;0.07246;-2.811;;;;;
-0.381064;-2.811;;0;0;;;;;
0.38085;-2.811;;0;0;;;;;
-0.03052;-2.811;;-0.03052;-2.811;;;;;
0.033652;-2.811;;0.033652;-2.811;;;;;
-0.100448;-2.798;;0;0;;;;;
0.10043;-2.798;;0;0;;;;;
-0.112774;-2.798;;0;0;;;;;
0.112814;-2.798;;0;0;;;;;
0.270756;-2.798;;0;0;;;;;
-0.270637;-2.798;;0;0;;;;;
-0.072943;-2.798;;-0.072943;-2.798;;;;;
0.072497;-2.798;;0.072497;-2.798;;;;;
-0.383464;-2.798;;0;0;;;;;
0.38325;-2.798;;0;0;;;;;
-0.029463;-2.798;;-0.029463;-2.798;;;;;
0.032583;-2.798;;0.032583;-2.798;;;;;
-0.100282;-2.785;;0;0;;;;;
0.100265;-2.785;;0;0;;;;;
-0.11299;-2.785;;0;0;;;;;
0.11303;-2.785;;0;0;;;;;
0.269531;-2.785;;0;0;;;;;
-0.269414;-2.785;;0;0;;;;;
-0.072982;-2.785;;-0.072982;-2.785;;;;;
0.072534;-2.785;;0.072534;-2.785;;;;;
-0.385895;-2.785;;0;0;;;;;
0.385682;-2.785;;0;0;;;;;
-0.02839;-2.785;;-0.02839;-2.785;;;;;
0.0315;-2.785;;0.0315;-2.785;;;;;
-0.100117;-2.772;;0;0;;;;;
0.1001;-2.772;;0;0;;;;;
-0.113208;-2.772;;0;0;;;;;
0.113247;-2.772;;0;0;;;;;
0.268317;-2.772;;0;0;;;;;
-0.268201;-2.772;;0;0;;;;;
-0.07302;-2.772;;-0.07302;-2.772;;;;;
0.072571;-2.772;;0.072571;-2.772;;;;;
-0.388358;-2.772;;0;0;;;;;
0.388145;-2.772;;0;0;;;;;
-0.027297;-2.772;;-0.027297;-2.772;;;;;
0.030401;-2.772;;0.030401;-2.772;;;;;
-0.099952;-2.759;;0;0;;;;;
0.099936;-2.759;;0;0;;;;;
-0.113426;-2.759;;0;0;;;;;
0.113465;-2.759;;0;0;;;;;
0.267113;-2.759;;0;0;;;;;
-0.266998;-2.759;;0;0;;;;;
-0.073058;-2.759;;-0.073058;-2.759;;;;;
0.072607;-2.759;;0.072607;-2.759;;;;;
-0.390853;-2.759;;0;0;;;;;
0.390641;-2.759;;0;0;;;;;
-0.026183;-2.759;;-0.026183;-2.759;;;;;
0.02928;-2.759;;0.02928;-2.759;;;;;
-0.099788;-2.746;;0;0;;;;;
0.099772;-2.746;;0;0;;;;;
-0.113645;-2.746;;0;0;;;;;
0.113683;-2.746;;0;0;;;;;
0.265919;-2.746;;0;0;;;;;
-0.265806;-2.746;;0;0;;;;;
-0.073096;-2.746;;-0.073096;-2.746;;;;;
0.072644;-2.746;;0.072644;-2.746;;;;;
-0.393382;-2.746;;0;0;;;;;
0.393171;-2.746;;0;0;;;;;
-0.025042;-2.746;;-0.025042;-2.746;;;;;
0.028136;-2.746;;0.028136;-2.746;;;;;
-0.099624;-2.733;;0;0;;;;;
0.099609;-2.733;;0;0;;;;;
-0.113865;-2.733;;0;0;;;;;
0.113903;-2.733;;0;0;;;;;
0.264734;-2.733;;0;0;;;;;
-0.264623;-2.733;;0;0;;;;;
-0.073134;-2.733;;-0.073134;-2.733;;;;;
0.07268;-2.733;;0.07268;-2.733;;;;;
-0.395946;-2.733;;0;0;;;;;
0.395736;-2.733;;0;0;;;;;
-0.02387;-2.733;;-0.02387;-2.733;;;;;
0.026961;-2.733;;0.026961;-2.733;;;;;
-0.09946;-2.72;;0;0;;;;;
0.099446;-2.72;;0;0;;;;;
-0.114086;-2.72;;0;0;;;;;
0.114123;-2.72;;0;0;;;;;
-0.26345;-2.72;;0;0;;;;;
0.26356;-2.72;;0;0;;;;;
-0.073171;-2.72;;-0.073171;-2.72;;;;;
0.072716;-2.72;;0.072716;-2.72;;;;;
-0.398546;-2.72;;0;0;;;;;
0.398336;-2.72;;0;0;;;;;
-0.022661;-2.72;;-0.022661;-2.72;;;;;
0.025752;-2.72;;0.025752;-2.72;;;;;
-0.099297;-2.707;;0;0;;;;;
0.099283;-2.707;;0;0;;;;;
-0.114308;-2.707;;0;0;;;;;
0.114345;-2.707;;0;0;;;;;
-0.262287;-2.707;;0;0;;;;;
0.262395;-2.707;;0;0;;;;;
-0.073208;-2.707;;-0.073208;-2.707;;;;;
0.072752;-2.707;;0.072752;-2.707;;;;;
-0.401182;-2.707;;0;0;;;;;
0.400973;-2.707;;0;0;;;;;
-0.021409;-2.707;;-0.021409;-2.707;;;;;
0.0245;-2.707;;0.0245;-2.707;;;;;
-0.099134;-2.694;;0;0;;;;;
0.099121;-2.694;;0;0;;;;;
-0.114531;-2.694;;0;0;;;;;
0.114567;-2.694;;0;0;;;;;
-0.261133;-2.694;;0;0;;;;;
0.261239;-2.694;;0;0;;;;;
-0.073245;-2.694;;-0.073245;-2.694;;;;;
0.072787;-2.694;;0.072787;-2.694;;;;;
-0.403856;-2.694;;0;0;;;;;
0.403648;-2.694;;0;0;;;;;
-0.020106;-2.694;;-0.020106;-2.694;;;;;
0.023198;-2.694;;0.023198;-2.694;;;;;
-0.098971;-2.681;;0;0;;;;;
0.098959;-2.681;;0;0;;;;;
-0.114755;-2.681;;0;0;;;;;
0.114791;-2.681;;0;0;;;;;
-0.259987;-2.681;;0;0;;;;;
0.260092;-2.681;;0;0;;;;;
-0.073282;-2.681;;-0.073282;-2.681;;;;;
0.072823;-2.681;;0.072823;-2.681;;;;;
-0.406569;-2.681;;0;0;;;;;
0.406362;-2.681;;0;0;;;;;
-0.01874;-2.681;;-0.01874;-2.681;;;;;
0.021834;-2.681;;0.021834;-2.681;;;;;
-0.098809;-2.668;;0;0;;;;;
0.098798;-2.668;;0;0;;;;;
-0.11498;-2.668;;0;0;;;;;
0.115015;-2.668;;0;0;;;;;
-0.258851;-2.668;;0;0;;;;;
0.258954;-2.668;;0;0;;;;;
-0.073318;-2.668;;-0.073318;-2.668;;;;;
0.072858;-2.668;;0.072858;-2.668;;;;;
-0.409322;-2.668;;0;0;;;;;
0.409116;-2.668;;0;0;;;;;
-0.017297;-2.668;;-0.017297;-2.668;;;;;
0.020395;-2.668;;0.020395;-2.668;;;;;
-0.098647;-2.655;;0;0;;;;;
0.098636;-2.655;;0;0;;;;;
-0.115206;-2.655;;0;0;;;;;
0.115241;-2.655;;0;0;;;;;
-0.257723;-2.655;;0;0;;;;;
0.257824;-2.655;;0;0;;;;;
-0.073355;-2.655;;-0.073355;-2.655;;;;;
0.072893;-2.655;;0.072893;-2.655;;;;;
-0.412116;-2.655;;0;0;;;;;
0.411912;-2.655;;0;0;;;;;
-0.015758;-2.655;;-0.015758;-2.655;;;;;
0.018859;-2.655;;0.018859;-2.655;;;;;
-0.098485;-2.642;;0;0;;;;;
0.098475;-2.642;;0;0;;;;;
-0.115434;-2.642;;0;0;;;;;
0.115468;-2.642;;0;0;;;;;
-0.256603;-2.642;;0;0;;;;;
0.256703;-2.642;;0;0;;;;;
-0.073391;-2.642;;-0.073391;-2.642;;;;;
0.072929;-2.642;;0.072929;-2.642;;;;;
-0.414953;-2.642;;;;;;;;
0.414749;-2.642;;;;;;;;
-0.014093;-2.642;;;;;;;;
0.017199;-2.642;;;;;;;;
-0.098323;-2.629;;;;;;;;
0.098314;-2.629;;;;;;;;
-0.115662;-2.629;;;;;;;;
0.115696;-2.629;;;;;;;;
-0.255492;-2.629;;;;;;;;
0.25559;-2.629;;;;;;;;
-0.073427;-2.629;;;;;;;;
0.072964;-2.629;;;;;;;;
-0.417832;-2.629;;;;;;;;
0.41763;-2.629;;;;;;;;
-0.012255;-2.629;;;;;;;;
0.015366;-2.629;;;;;;;;
-0.098162;-2.616;;;;;;;;
0.098154;-2.616;;;;;;;;
-0.115892;-2.616;;;;;;;;
0.115925;-2.616;;;;;;;;
-0.254389;-2.616;;;;;;;;
0.254486;-2.616;;;;;;;;
-0.073463;-2.616;;;;;;;;
0.072999;-2.616;;;;;;;;
-0.420756;-2.616;;;;;;;;
0.420555;-2.616;;;;;;;;
-0.010163;-2.616;;;;;;;;
0.013281;-2.616;;;;;;;;
-0.098001;-2.603;;;;;;;;
0.097993;-2.603;;;;;;;;
-0.116122;-2.603;;;;;;;;
0.116155;-2.603;;;;;;;;
-0.253294;-2.603;;;;;;;;
0.253389;-2.603;;;;;;;;
-0.073499;-2.603;;;;;;;;
0.073033;-2.603;;;;;;;;
-0.423725;-2.603;;;;;;;;
0.423526;-2.603;;;;;;;;
-0.007645;-2.603;;;;;;;;
0.010769;-2.603;;;;;;;;
-0.09784;-2.59;;;;;;;;
0.097833;-2.59;;;;;;;;
-0.116354;-2.59;;;;;;;;
0.116386;-2.59;;;;;;;;
-0.252207;-2.59;;;;;;;;
0.252301;-2.59;;;;;;;;
-0.073535;-2.59;;;;;;;;
0.073068;-2.59;;;;;;;;
-0.426741;-2.59;;;;;;;;
0.426544;-2.59;;;;;;;;
-0.004165;-2.59;;;;;;;;
0.007296;-2.59;;;;;;;;
-0.097679;-2.577;;;;;;;;
0.097673;-2.577;;;;;;;;
-0.116588;-2.577;;;;;;;;
0.116618;-2.577;;;;;;;;
-0.251128;-2.577;;;;;;;;
0.25122;-2.577;;;;;;;;
-0.07357;-2.577;;;;;;;;
0.073103;-2.577;;;;;;;;
-0.429806;-2.577;;;;;;;;
0.42961;-2.577;;;;;;;;
-0.097519;-2.564;;;;;;;;
0.097513;-2.564;;;;;;;;
-0.116822;-2.564;;;;;;;;
0.116852;-2.564;;;;;;;;
-0.250056;-2.564;;;;;;;;
0.250146;-2.564;;;;;;;;
-0.073606;-2.564;;;;;;;;
0.073137;-2.564;;;;;;;;
-0.43292;-2.564;;;;;;;;
0.432726;-2.564;;;;;;;;
-0.097358;-2.551;;;;;;;;
0.097354;-2.551;;;;;;;;
-0.117057;-2.551;;;;;;;;
0.117087;-2.551;;;;;;;;
-0.248992;-2.551;;;;;;;;
0.249081;-2.551;;;;;;;;
-0.073641;-2.551;;;;;;;;
0.073172;-2.551;;;;;;;;
-0.436085;-2.551;;;;;;;;
0.435893;-2.551;;;;;;;;
-0.097198;-2.538;;;;;;;;
0.097194;-2.538;;;;;;;;
-0.117294;-2.538;;;;;;;;
0.117323;-2.538;;;;;;;;
-0.247935;-2.538;;;;;;;;
0.248022;-2.538;;;;;;;;
-0.073677;-2.538;;;;;;;;
0.073207;-2.538;;;;;;;;
-0.439301;-2.538;;;;;;;;
0.439112;-2.538;;;;;;;;
-0.097038;-2.525;;;;;;;;
0.097035;-2.525;;;;;;;;
-0.117532;-2.525;;;;;;;;
0.11756;-2.525;;;;;;;;
-0.246886;-2.525;;;;;;;;
0.246971;-2.525;;;;;;;;
-0.073712;-2.525;;;;;;;;
0.073241;-2.525;;;;;;;;
-0.442572;-2.525;;;;;;;;
0.442385;-2.525;;;;;;;;
-0.096878;-2.512;;;;;;;;
0.096876;-2.512;;;;;;;;
-0.117772;-2.512;;;;;;;;
0.117799;-2.512;;;;;;;;
-0.245844;-2.512;;;;;;;;
0.245928;-2.512;;;;;;;;
-0.073747;-2.512;;;;;;;;
0.073276;-2.512;;;;;;;;
-0.445897;-2.512;;;;;;;;
0.445713;-2.512;;;;;;;;
-0.096718;-2.499;;;;;;;;
0.096717;-2.499;;;;;;;;
-0.118012;-2.499;;;;;;;;
0.118039;-2.499;;;;;;;;
-0.244809;-2.499;;;;;;;;
0.244891;-2.499;;;;;;;;
-0.073783;-2.499;;;;;;;;
0.07331;-2.499;;;;;;;;
-0.44928;-2.499;;;;;;;;
0.449098;-2.499;;;;;;;;
-0.096559;-2.486;;;;;;;;
0.096559;-2.486;;;;;;;;
-0.118254;-2.486;;;;;;;;
0.11828;-2.486;;;;;;;;
-0.243781;-2.486;;;;;;;;
0.243861;-2.486;;;;;;;;
-0.073818;-2.486;;;;;;;;
0.073344;-2.486;;;;;;;;
-0.45272;-2.486;;;;;;;;
0.452542;-2.486;;;;;;;;
-0.096399;-2.473;;;;;;;;
0.0964;-2.473;;;;;;;;
-0.118498;-2.473;;;;;;;;
0.118522;-2.473;;;;;;;;
-0.24276;-2.473;;;;;;;;
0.242838;-2.473;;;;;;;;
-0.073853;-2.473;;;;;;;;
0.073379;-2.473;;;;;;;;
-0.45622;-2.473;;;;;;;;
0.456045;-2.473;;;;;;;;
-0.09624;-2.46;;;;;;;;
0.096242;-2.46;;;;;;;;
-0.118742;-2.46;;;;;;;;
0.118766;-2.46;;;;;;;;
-0.241745;-2.46;;;;;;;;
0.241822;-2.46;;;;;;;;
-0.073888;-2.46;;;;;;;;
0.073413;-2.46;;;;;;;;
-0.459782;-2.46;;;;;;;;
0.45961;-2.46;;;;;;;;
-0.096081;-2.447;;;;;;;;
0.096083;-2.447;;;;;;;;
-0.118988;-2.447;;;;;;;;
0.119011;-2.447;;;;;;;;
-0.240738;-2.447;;;;;;;;
0.240813;-2.447;;;;;;;;
-0.073923;-2.447;;;;;;;;
0.073448;-2.447;;;;;;;;
-0.463407;-2.447;;;;;;;;
0.463239;-2.447;;;;;;;;
-0.095922;-2.434;;;;;;;;
0.095925;-2.434;;;;;;;;
-0.119236;-2.434;;;;;;;;
0.119258;-2.434;;;;;;;;
-0.239737;-2.434;;;;;;;;
0.239811;-2.434;;;;;;;;
-0.073958;-2.434;;;;;;;;
0.073482;-2.434;;;;;;;;
-0.467097;-2.434;;;;;;;;
0.466933;-2.434;;;;;;;;
-0.095763;-2.421;;;;;;;;
0.095767;-2.421;;;;;;;;
-0.119484;-2.421;;;;;;;;
0.119506;-2.421;;;;;;;;
-0.238743;-2.421;;;;;;;;
0.238815;-2.421;;;;;;;;
-0.073993;-2.421;;;;;;;;
0.073517;-2.421;;;;;;;;
-0.470854;-2.421;;;;;;;;
0.470694;-2.421;;;;;;;;
-0.095604;-2.408;;;;;;;;
0.095609;-2.408;;;;;;;;
-0.119734;-2.408;;;;;;;;
0.119755;-2.408;;;;;;;;
-0.237755;-2.408;;;;;;;;
0.237825;-2.408;;;;;;;;
-0.074028;-2.408;;;;;;;;
0.073551;-2.408;;;;;;;;
-0.47468;-2.408;;;;;;;;
0.474524;-2.408;;;;;;;;
-0.095445;-2.395;;;;;;;;
0.095451;-2.395;;;;;;;;
-0.119986;-2.395;;;;;;;;
0.120005;-2.395;;;;;;;;
-0.236774;-2.395;;;;;;;;
0.236842;-2.395;;;;;;;;
-0.074063;-2.395;;;;;;;;
0.073586;-2.395;;;;;;;;
-0.478577;-2.395;;;;;;;;
0.478426;-2.395;;;;;;;;
-0.095287;-2.382;;;;;;;;
0.095294;-2.382;;;;;;;;
-0.120239;-2.382;;;;;;;;
0.120258;-2.382;;;;;;;;
-0.235799;-2.382;;;;;;;;
0.235865;-2.382;;;;;;;;
-0.074098;-2.382;;;;;;;;
0.073621;-2.382;;;;;;;;
-0.482546;-2.382;;;;;;;;
0.4824;-2.382;;;;;;;;
-0.095128;-2.369;;;;;;;;
0.095136;-2.369;;;;;;;;
-0.120493;-2.369;;;;;;;;
0.120511;-2.369;;;;;;;;
-0.23483;-2.369;;;;;;;;
0.234894;-2.369;;;;;;;;
-0.074133;-2.369;;;;;;;;
0.073655;-2.369;;;;;;;;
-0.486591;-2.369;;;;;;;;
0.48645;-2.369;;;;;;;;
-0.09497;-2.356;;;;;;;;
0.094978;-2.356;;;;;;;;
-0.120749;-2.356;;;;;;;;
0.120766;-2.356;;;;;;;;
-0.233867;-2.356;;;;;;;;
0.23393;-2.356;;;;;;;;
-0.074169;-2.356;;;;;;;;
0.07369;-2.356;;;;;;;;
-0.490714;-2.356;;;;;;;;
0.490578;-2.356;;;;;;;;
-0.094811;-2.343;;;;;;;;
0.094821;-2.343;;;;;;;;
-0.121007;-2.343;;;;;;;;
0.121022;-2.343;;;;;;;;
-0.232911;-2.343;;;;;;;;
0.232972;-2.343;;;;;;;;
-0.074204;-2.343;;;;;;;;
0.073725;-2.343;;;;;;;;
-0.494916;-2.343;;;;;;;;
0.494786;-2.343;;;;;;;;
-0.094653;-2.33;;;;;;;;
0.094664;-2.33;;;;;;;;
-0.121265;-2.33;;;;;;;;
0.12128;-2.33;;;;;;;;
-0.23196;-2.33;;;;;;;;
0.232019;-2.33;;;;;;;;
-0.074239;-2.33;;;;;;;;
0.07376;-2.33;;;;;;;;
-0.499201;-2.33;;;;;;;;
0.499076;-2.33;;;;;;;;
-0.094495;-2.317;;;;;;;;
0.094506;-2.317;;;;;;;;
-0.121526;-2.317;;;;;;;;
0.12154;-2.317;;;;;;;;
-0.231015;-2.317;;;;;;;;
0.231073;-2.317;;;;;;;;
-0.074274;-2.317;;;;;;;;
0.073795;-2.317;;;;;;;;
-0.50357;-2.317;;;;;;;;
0.503452;-2.317;;;;;;;;
-0.094336;-2.304;;;;;;;;
0.094349;-2.304;;;;;;;;
-0.121788;-2.304;;;;;;;;
0.1218;-2.304;;;;;;;;
-0.230077;-2.304;;;;;;;;
0.230133;-2.304;;;;;;;;
-0.07431;-2.304;;;;;;;;
0.07383;-2.304;;;;;;;;
-0.508027;-2.304;;;;;;;;
0.507915;-2.304;;;;;;;;
-0.094178;-2.291;;;;;;;;
0.094192;-2.291;;;;;;;;
-0.122051;-2.291;;;;;;;;
0.122063;-2.291;;;;;;;;
-0.229144;-2.291;;;;;;;;
0.229198;-2.291;;;;;;;;
-0.074345;-2.291;;;;;;;;
0.073865;-2.291;;;;;;;;
-0.512574;-2.291;;;;;;;;
0.512469;-2.291;;;;;;;;
-0.09402;-2.278;;;;;;;;
0.094035;-2.278;;;;;;;;
-0.122316;-2.278;;;;;;;;
0.122327;-2.278;;;;;;;;
-0.228217;-2.278;;;;;;;;
0.228269;-2.278;;;;;;;;
-0.074381;-2.278;;;;;;;;
0.0739;-2.278;;;;;;;;
-0.517214;-2.278;;;;;;;;
0.517116;-2.278;;;;;;;;
-0.093862;-2.265;;;;;;;;
0.093878;-2.265;;;;;;;;
-0.122583;-2.265;;;;;;;;
0.122592;-2.265;;;;;;;;
-0.227295;-2.265;;;;;;;;
0.227346;-2.265;;;;;;;;
-0.074416;-2.265;;;;;;;;
0.073936;-2.265;;;;;;;;
-0.52195;-2.265;;;;;;;;
0.52186;-2.265;;;;;;;;
-0.093704;-2.252;;;;;;;;
0.093721;-2.252;;;;;;;;
-0.122851;-2.252;;;;;;;;
0.12286;-2.252;;;;;;;;
-0.226379;-2.252;;;;;;;;
0.226428;-2.252;;;;;;;;
-0.074452;-2.252;;;;;;;;
0.073971;-2.252;;;;;;;;
-0.526785;-2.252;;;;;;;;
0.526703;-2.252;;;;;;;;
-0.093547;-2.239;;;;;;;;
0.093564;-2.239;;;;;;;;
-0.123121;-2.239;;;;;;;;
0.123128;-2.239;;;;;;;;
-0.225469;-2.239;;;;;;;;
0.225516;-2.239;;;;;;;;
-0.074488;-2.239;;;;;;;;
0.074007;-2.239;;;;;;;;
-0.531722;-2.239;;;;;;;;
0.531649;-2.239;;;;;;;;
-0.093389;-2.226;;;;;;;;
0.093407;-2.226;;;;;;;;
-0.123393;-2.226;;;;;;;;
0.123399;-2.226;;;;;;;;
-0.224564;-2.226;;;;;;;;
0.224609;-2.226;;;;;;;;
-0.074523;-2.226;;;;;;;;
0.074043;-2.226;;;;;;;;
-0.536766;-2.226;;;;;;;;
0.536701;-2.226;;;;;;;;
-0.093231;-2.213;;;;;;;;
0.09325;-2.213;;;;;;;;
-0.123666;-2.213;;;;;;;;
0.123671;-2.213;;;;;;;;
-0.223665;-2.213;;;;;;;;
0.223708;-2.213;;;;;;;;
-0.074559;-2.213;;;;;;;;
0.074079;-2.213;;;;;;;;
-0.541919;-2.213;;;;;;;;
0.541863;-2.213;;;;;;;;
